-- phpMyAdmin SQL Dump
-- version 5.2.1
-- https://www.phpmyadmin.net/
--
-- Host: localhost:3306
-- Generation Time: Aug 01, 2024 at 06:59 AM
-- Server version: 8.0.30
-- PHP Version: 8.1.10

SET SQL_MODE = "NO_AUTO_VALUE_ON_ZERO";
START TRANSACTION;
SET time_zone = "+00:00";


/*!40101 SET @OLD_CHARACTER_SET_CLIENT=@@CHARACTER_SET_CLIENT */;
/*!40101 SET @OLD_CHARACTER_SET_RESULTS=@@CHARACTER_SET_RESULTS */;
/*!40101 SET @OLD_COLLATION_CONNECTION=@@COLLATION_CONNECTION */;
/*!40101 SET NAMES utf8mb4 */;

--
-- Database: `skripsi_pgt_linting`
--

-- --------------------------------------------------------

--
-- Table structure for table `datalintings`
--

CREATE TABLE `datalintings` (
  `id_linting` bigint UNSIGNED NOT NULL,
  `nip` varchar(20) COLLATE utf8mb4_unicode_ci NOT NULL,
  `nama` varchar(100) COLLATE utf8mb4_unicode_ci NOT NULL,
  `lt_merah` int NOT NULL DEFAULT '0',
  `lt_hitam` int NOT NULL DEFAULT '0',
  `lt_cokelat` int NOT NULL DEFAULT '0',
  `lt_jawas` int NOT NULL DEFAULT '0',
  `jumlah` int NOT NULL DEFAULT '0',
  `tanggal` date NOT NULL,
  `created_at` timestamp NULL DEFAULT NULL,
  `updated_at` timestamp NULL DEFAULT NULL
) ENGINE=InnoDB DEFAULT CHARSET=utf8mb4 COLLATE=utf8mb4_unicode_ci;

--
-- Dumping data for table `datalintings`
--

INSERT INTO `datalintings` (`id_linting`, `nip`, `nama`, `lt_merah`, `lt_hitam`, `lt_cokelat`, `lt_jawas`, `jumlah`, `tanggal`, `created_at`, `updated_at`) VALUES
(1, 'PL0002', 'MARIATUL QIBTIYAH', 200, 300, 0, 0, 500, '2024-05-29', NULL, NULL),
(2, 'PL0003', 'LIANA O SARI', 100, 0, 250, 0, 350, '2024-05-29', '2024-05-29 12:44:33', '2024-05-29 12:44:33'),
(3, 'PL0005', 'HARTATIK', 300, 100, 0, 0, 400, '2024-05-29', '2024-05-29 12:45:00', '2024-06-10 06:11:14'),
(4, 'PL0007', 'KUSWATI W NINGSIH', 100, 0, 300, 0, 400, '2024-05-29', '2024-05-29 12:51:20', '2024-06-10 06:11:34'),
(5, 'PL0001', 'RUSNIANI', 100, 200, 0, 0, 300, '2024-05-29', '2024-05-29 13:52:38', '2024-05-29 13:52:38'),
(6, 'PL0008', 'RACHEL SEVIYA DWI N', 300, 500, 0, 0, 800, '2024-05-29', '2024-05-29 13:54:51', '2024-05-29 13:54:51'),
(7, 'PL0038', 'WULAN RHONIKA', 100, 0, 0, 1000, 1100, '2024-05-29', '2024-05-29 13:57:15', '2024-05-29 13:57:15'),
(8, 'PL0040', 'WINENGKU P', 0, 300, 0, 2000, 2300, '2024-05-29', '2024-05-29 13:58:34', '2024-05-29 13:58:34'),
(9, 'PL0001', 'RUSNIANI', 1000, 200, 0, 0, 1200, '2024-05-31', NULL, NULL),
(10, 'PL0003', 'LIANA O SARI', 200, 100, 0, 0, 300, '2024-06-06', NULL, NULL),
(11, 'PL0007', 'KUSWATI W NINGSIH', 200, 300, 0, 0, 500, '2024-06-06', NULL, NULL),
(12, 'PL0006', 'INDAH WIDAYANI', 100, 300, 0, 0, 400, '2024-06-06', NULL, NULL),
(13, 'PL0001', 'RUSNIANI', 100, 1200, 0, 0, 1300, '2024-06-07', NULL, NULL),
(15, 'PL0001', 'RUSNIANI', 3000, 2000, 0, 0, 5000, '2024-06-09', NULL, NULL),
(16, 'PL0002', 'MARIATUL QIBTIYAH', 3000, 800, 0, 0, 3800, '2024-06-09', NULL, NULL),
(17, 'PL0038', 'WULAN RHONIKA', 1000, 500, 1000, 0, 2500, '2024-06-11', '2024-06-11 06:22:25', '2024-06-12 08:34:11'),
(18, 'PL0001', 'RUSNIANI', 12000, 0, 0, 3000, 15000, '2024-06-12', NULL, NULL),
(19, 'PL0001', 'RUSNIANI', 546, 546, 213, 57, 1362, '2024-06-14', '2024-06-14 13:51:14', '2024-06-14 13:51:14'),
(20, 'PL0002', 'MARIATUL QIBTIYAH', 243, 428, 64, 45, 780, '2024-06-14', '2024-06-14 13:51:58', '2024-06-14 06:52:24'),
(21, 'PL0003', 'LIANA O SARI', 45, 31, 789, 21, 886, '2024-06-14', '2024-06-14 13:52:32', '2024-06-14 13:52:32'),
(22, 'PL0004', 'YUNI ASTUTIK', 246, 24, 213, 45, 528, '2024-06-14', '2024-06-14 13:52:48', '2024-06-14 13:52:48'),
(23, 'PL0005', 'HARTATIK', 546, 459, 549, 546, 2100, '2024-06-14', '2024-06-14 13:52:59', '2024-06-14 13:52:59'),
(24, 'PL0006', 'INDAH WIDAYANI', 15, 579, 156, 64, 814, '2024-06-14', '2024-06-14 13:53:18', '2024-06-14 13:53:18'),
(25, 'PL0007', 'KUSWATI W NINGSIH', 646, 136, 769, 433, 1984, '2024-06-14', '2024-06-14 13:54:04', '2024-06-14 13:54:04'),
(26, 'PL0008', 'RACHEL SEVIYA DWI N', 546, 21, 76, 57, 700, '2024-06-14', '2024-06-14 13:54:15', '2024-06-14 13:54:15'),
(27, 'PL0009', 'NONA FITA SARI', 456, 45, 21, 34, 556, '2024-06-14', '2024-06-14 13:54:28', '2024-06-14 13:54:28'),
(28, 'PL0010', 'WIJI LESTARI', 466, 27, 31, 87, 611, '2024-06-14', '2024-06-14 13:54:39', '2024-06-14 13:54:39'),
(29, 'PL0011', 'ENY HANDAYANI', 24, 949, 46, 17, 1036, '2024-06-14', '2024-06-14 13:55:31', '2024-06-14 13:55:31'),
(31, 'PL0012', 'NURUL HIDAYAH', 49, 469, 124, 97, 739, '2024-06-14', '2024-06-14 13:55:42', '2024-06-14 13:55:42'),
(32, 'PL0013', 'DEWI FATIMAH', 54, 213, 946, 46, 1259, '2024-06-14', '2024-06-14 13:55:53', '2024-06-14 13:55:53'),
(33, 'PL0014', 'ENDANG SRI PENI', 546, 61, 13, 43, 663, '2024-06-14', '2024-06-14 13:56:03', '2024-06-14 13:56:03'),
(34, 'PL0015', 'SOFIA AFKARINA', 64, 649, 13, 746, 1472, '2024-06-14', '2024-06-14 13:56:14', '2024-06-14 13:56:14'),
(35, 'PL0016', 'RASZITA N S', 94, 679, 61, 646, 1480, '2024-06-14', '2024-06-14 13:56:26', '2024-06-14 13:56:26'),
(36, 'PL0017', 'DITA LUTFI APRILIA', 57, 45, 64, 649, 815, '2024-06-14', '2024-06-14 13:56:38', '2024-06-14 13:56:38'),
(37, 'PL0018', 'IMELDA AYU A', 646, 61, 64, 31, 802, '2024-06-14', '2024-06-14 13:57:23', '2024-06-14 13:57:23'),
(38, 'PL0019', 'RINA FITRIAWATI', 64, 67, 617, 79, 827, '2024-06-14', '2024-06-14 13:57:56', '2024-06-14 13:57:56'),
(39, 'PL0020', 'HARSIH', 466, 76, 46, 17, 605, '2024-06-14', '2024-06-14 13:58:07', '2024-06-14 13:58:07'),
(40, 'PL0021', 'KASANAH', 24, 515, 76, 16, 631, '2024-06-14', '2024-06-14 13:58:34', '2024-06-14 13:58:34'),
(41, 'PL0022', 'RIZKA YUNITA S', 76, 16, 93, 67, 252, '2024-06-14', '2024-06-14 13:58:47', '2024-06-14 13:58:47'),
(42, 'PL0023', 'CINDY PUSPITA W', 99, 210, 973, 64, 1346, '2024-06-14', '2024-06-14 13:58:58', '2024-06-14 13:58:58'),
(43, 'PL0024', 'ERWIN SUSANA', 40, 51, 64, 884, 1039, '2024-06-14', '2024-06-14 13:59:08', '2024-06-14 13:59:08'),
(44, 'PL0025', 'NELY ANJARSARI', 54, 16, 189, 94, 353, '2024-06-14', '2024-06-14 13:59:19', '2024-06-14 13:59:19'),
(45, 'PL0026', 'ALYA NUR AZIZAH', 976, 27, 51, 64, 1118, '2024-06-14', '2024-06-14 13:59:30', '2024-06-14 13:59:30'),
(46, 'PL0027', 'TUKIYAH', 97, 91, 346, 9, 543, '2024-06-14', '2024-06-14 14:00:07', '2024-06-14 14:00:07'),
(47, 'PL0028', 'DYAH AYU AFRILIANA', 97, 31, 94, 219, 441, '2024-06-14', '2024-06-14 14:00:47', '2024-06-14 14:00:47'),
(48, 'PL0029', 'ELLYA N', 81, 879, 81, 87, 1128, '2024-06-14', '2024-06-14 14:00:56', '2024-06-14 14:00:56'),
(49, 'PL0030', 'REVI MAULIDA', 21, 94, 54, 664, 833, '2024-06-14', '2024-06-14 14:01:13', '2024-06-14 14:01:13'),
(50, 'PL0031', 'YULA AYU DEVIA', 64, 61, 64, 949, 1138, '2024-06-14', '2024-06-14 14:01:52', '2024-06-14 14:01:52'),
(51, 'PL0032', 'HENI DELLA FALERA', 97, 61, 94, 64, 316, '2024-06-14', '2024-06-14 14:02:23', '2024-06-14 14:02:23'),
(52, 'PL0033', 'RIA DEWI PUSPITARINI', 1, 51, 54, 849, 955, '2024-06-14', '2024-06-14 14:02:34', '2024-06-14 14:02:34'),
(53, 'PL0034', 'GUNARSIH', 949, 84, 14, 24, 1071, '2024-06-14', '2024-06-14 14:02:45', '2024-06-14 14:02:45'),
(54, 'PL0035', 'IKA YULISTIANI', 94, 57, 54, 84, 289, '2024-06-14', '2024-06-14 14:02:54', '2024-06-14 14:02:54'),
(55, 'PL0036', 'IKA RAHAYU', 81, 84, 54, 67, 286, '2024-06-14', '2024-06-14 14:04:52', '2024-06-14 14:04:52'),
(56, 'PL0037', 'JIYAN RAHMA SUSANTI', 894, 94, 44, 55, 1087, '2024-06-14', '2024-06-14 14:05:06', '2024-06-14 14:05:06'),
(57, 'PL0038', 'WULAN RHONIKA', 61, 84, 51, 64, 260, '2024-06-14', '2024-06-14 14:06:41', '2024-06-14 14:06:41'),
(58, 'PL0039', 'DAVINA SHAVA V', 54, 81, 54, 216, 405, '2024-06-14', '2024-06-14 14:07:29', '2024-06-14 14:07:29'),
(59, 'PL0040', 'WINENGKU P', 0, 0, 0, 0, 0, '2024-06-14', '2024-06-14 14:07:44', '2024-06-16 22:03:50'),
(60, 'PL0042', 'ALIVIA Z', 81, 67, 51, 879, 1078, '2024-06-14', '2024-06-14 14:09:06', '2024-06-14 14:09:06'),
(61, 'PL0041', 'EKA DARIANI', 246, 64, 94, 61, 465, '2024-06-14', '2024-06-14 14:09:44', '2024-06-14 14:09:44'),
(62, 'PL0043', 'ELEN ANGELIC I', 67, 61, 64, 68, 260, '2024-06-14', '2024-06-14 14:10:36', '2024-06-14 14:10:36'),
(63, 'PL0044', 'YULIANI PAVESTRI', 95, 90, 61, 84, 330, '2024-06-14', '2024-06-14 14:10:45', '2024-06-14 14:10:45'),
(64, 'PL0045', 'ELY AMALIYA', 98, 61, 68, 64, 291, '2024-06-14', '2024-06-14 14:10:52', '2024-06-14 14:10:52'),
(65, 'PL0046', 'FADHILA DESTIANA P', 16, 46, 46, 64, 172, '2024-06-14', '2024-06-14 14:11:52', '2024-06-14 14:11:52'),
(66, 'PL0047', 'MAYA WINDIANI', 383, 60, 68, 68, 579, '2024-06-14', '2024-06-14 14:12:06', '2024-06-14 14:12:06'),
(67, 'PL0048', 'DIAN TIKA F', 45, 55, 88, 59, 247, '2024-06-14', '2024-06-14 14:12:15', '2024-06-14 14:12:15'),
(68, 'PL0049', 'LIA DWI RAHAYU', 39, 42, 86, 42, 209, '2024-06-14', '2024-06-14 14:12:36', '2024-06-14 14:12:36'),
(69, 'PL0050', 'SHINTA FITRIANA R', 45, 85, 90, 582, 802, '2024-06-14', '2024-06-14 14:13:40', '2024-06-14 14:13:40'),
(70, 'PL0051', 'FADILAH SITINUR A', 65, 28, 42, 50, 185, '2024-06-14', '2024-06-14 14:13:56', '2024-06-14 14:13:56'),
(71, 'PL0052', 'LILIS SAIDAH', 48, 25, 90, 23, 186, '2024-06-14', '2024-06-14 14:14:10', '2024-06-14 14:14:10'),
(72, 'PL0053', 'RAMINI', 83, 38, 66, 88, 275, '2024-06-14', '2024-06-14 14:14:48', '2024-06-14 14:14:48'),
(73, 'PL0054', 'RAHAYU', 876, 84, 68, 946, 1974, '2024-06-14', '2024-06-14 14:15:26', '2024-06-14 14:15:26'),
(74, 'PL0055', 'SUWANTI', 819, 813, 394, 546, 2572, '2024-06-14', '2024-06-14 14:15:48', '2024-06-14 14:15:48'),
(75, 'PL0056', 'ENDAH PUJI L', 83, 82, 58, 14, 237, '2024-06-14', '2024-06-14 14:16:09', '2024-06-14 14:16:09'),
(76, 'PL0057', 'HALIMAH', 288, 868, 68, 35, 1259, '2024-06-14', '2024-06-14 14:16:32', '2024-06-14 14:16:32'),
(77, 'PL0058', 'YENI FIDIANTI', 1, 84, 51, 84, 220, '2024-06-14', '2024-06-14 14:17:31', '2024-06-14 14:17:31'),
(78, 'PL0059', 'HETI WIDIARTI', 38, 83, 60, 38, 219, '2024-06-14', '2024-06-14 14:18:23', '2024-06-14 14:18:23'),
(79, 'PL0060', 'VINA OKTAVIA', 42, 83, 60, 25, 210, '2024-06-14', '2024-06-14 14:19:17', '2024-06-14 14:19:17'),
(80, 'PL0061', 'SULASI R', 28, 60, 60, 57, 205, '2024-06-14', '2024-06-14 14:19:26', '2024-06-14 14:19:26'),
(81, 'PL0062', 'ELIA YUHANA', 7, 39, 93, 38, 177, '2024-06-14', '2024-06-14 14:19:36', '2024-06-14 14:19:36'),
(82, 'PL0063', 'IKA KARTIKA S', 68, 939, 6, 3, 1016, '2024-06-14', '2024-06-14 14:19:57', '2024-06-14 14:19:57'),
(83, 'PL0064', 'YUSTAMIN', 58, 888, 8, 55, 1009, '2024-06-14', '2024-06-14 14:20:16', '2024-06-14 14:20:16'),
(84, 'PL0065', 'RIYA RAHMAWATI', 68, 68, 69, 25, 230, '2024-06-14', '2024-06-14 14:20:27', '2024-06-14 14:20:27'),
(85, 'PL0066', 'SRI RAHAYU', 55, 55, 88, 86, 284, '2024-06-14', '2024-06-14 14:20:44', '2024-06-14 14:20:44'),
(86, 'PL0067', 'LUVITA DIAH A', 35, 60, 69, 24, 188, '2024-06-14', '2024-06-14 14:20:54', '2024-06-14 14:20:54'),
(87, 'PL0068', 'SITI ROKAYATI', 83, 6, 38, 38, 165, '2024-06-14', '2024-06-14 14:22:08', '2024-06-14 14:22:08'),
(88, 'PL0069', 'KUSMIATI', 75, 72, 65, 68, 280, '2024-06-14', '2024-06-14 14:22:17', '2024-06-14 14:22:17'),
(89, 'PL0070', 'FARIDA', 35, 25, 25, 58, 143, '2024-06-14', '2024-06-14 14:23:03', '2024-06-14 14:23:03'),
(90, 'PL0071', 'EKA DIAN ERNAVIANI', 87, 51, 84, 94, 316, '2024-06-14', '2024-06-14 14:23:23', '2024-06-14 14:23:23'),
(91, 'PL0072', 'LIA ALFIYAH', 54, 61, 681, 604, 1400, '2024-06-14', '2024-06-14 14:23:30', '2024-06-14 14:23:30'),
(92, 'PL0073', 'WIWIT AMINATIN', 84, 681, 384, 687, 1836, '2024-06-14', '2024-06-14 14:23:38', '2024-06-14 14:23:38'),
(93, 'PL0074', 'HINDUN AYU', 51, 61, 84, 391, 587, '2024-06-14', '2024-06-14 14:23:53', '2024-06-14 14:23:53'),
(94, 'PL0075', 'SALINA SAFITRI', 54, 61, 91, 879, 1085, '2024-06-14', '2024-06-14 14:24:03', '2024-06-14 14:24:03'),
(95, 'PL0076', 'PUTRI MEILISA', 81, 64, 684, 387, 1216, '2024-06-14', '2024-06-14 14:24:15', '2024-06-14 14:24:15'),
(96, 'PL0077', 'ALEEYA MAYA R N', 61, 6, 94, 681, 842, '2024-06-14', '2024-06-14 14:24:23', '2024-06-14 14:24:23'),
(97, 'PL0078', 'RIZMA RIZKI R', 84, 54, 64, 84, 286, '2024-06-14', '2024-06-14 14:25:05', '2024-06-14 14:25:05'),
(98, 'PL0079', 'RIRIS ISMAWATI', 46, 84, 834, 94, 1058, '2024-06-14', '2024-06-14 14:25:14', '2024-06-14 14:25:14'),
(99, 'PL0080', 'FEBY FRANSISKA', 961, 64, 84, 34, 1143, '2024-06-14', '2024-06-14 14:25:22', '2024-06-14 14:25:22'),
(100, 'PL0081', 'SINTYA DWI  RENATA P', 681, 61, 94, 87, 923, '2024-06-14', '2024-06-14 14:25:29', '2024-06-14 14:25:29'),
(101, 'PL0082', 'SITI MAESAROH', 834, 91, 64, 604, 1593, '2024-06-14', '2024-06-14 14:25:37', '2024-06-14 14:25:37'),
(102, 'PL0083', 'RENA EVA P', 831, 384, 94, 84, 1393, '2024-06-14', '2024-06-14 14:25:45', '2024-06-14 14:25:45'),
(103, 'PL0084', 'KATMIATI', 543, 684, 64, 381, 1672, '2024-06-14', '2024-06-14 14:25:53', '2024-06-14 14:25:53'),
(104, 'PL0085', 'NINING RAHAYU', 94, 94, 94, 60, 342, '2024-06-14', '2024-06-14 14:26:02', '2024-06-14 14:26:02'),
(105, 'PL0086', 'BINA ARTI', 934, 93, 394, 394, 1815, '2024-06-14', '2024-06-14 14:26:11', '2024-06-14 14:26:11'),
(106, 'PL0087', 'WINA VITA OLISDIA', 94, 94, 384, 394, 966, '2024-06-14', '2024-06-14 14:26:20', '2024-06-14 14:26:20'),
(109, 'PL0088', 'WINDA', 35, 68, 68, 65, 236, '2024-06-14', '2024-06-14 14:28:29', '2024-06-14 14:28:29'),
(110, 'PL0089', 'FITRIA', 65, 5, 67, 65, 202, '2024-06-14', '2024-06-14 14:28:39', '2024-06-14 14:28:39'),
(111, 'PL0090', 'MERIN DWI SUSANTI', 986, 265, 68, 68, 1387, '2024-06-14', '2024-06-14 14:28:49', '2024-06-14 14:28:49'),
(112, 'PL0091', 'SYABILLA ZAHRA A', 90, 686, 68, 68, 912, '2024-06-14', '2024-06-14 14:28:58', '2024-06-14 14:28:58'),
(113, 'PL0104', 'SITI SOFIA J T', 58, 58, 68, 65, 249, '2024-06-14', '2024-06-14 14:30:41', '2024-06-14 14:30:41'),
(114, 'PL0103', 'SITI DEFI ARINAFIAH', 656, 86, 65, 65, 872, '2024-06-14', '2024-06-14 14:31:09', '2024-06-14 14:31:09'),
(115, 'PL0102', 'SUHARTATIK', 88, 53, 57, 86, 284, '2024-06-14', '2024-06-14 14:31:55', '2024-06-14 14:31:55'),
(116, 'PL0101', 'WIDJIATI SIWI', 865, 65, 56, 65, 1051, '2024-06-14', '2024-06-14 14:32:05', '2024-06-14 14:32:05'),
(117, 'PL0100', 'DIANA WINDI SARI', 68, 38, 83, 38, 227, '2024-06-14', '2024-06-14 14:33:15', '2024-06-14 14:33:15'),
(118, 'PL0099', 'ANJAR WATI', 86, 86, 58, 86, 316, '2024-06-14', '2024-06-14 14:33:26', '2024-06-14 14:33:26'),
(119, 'PL0098', 'HENI SETIAWATI', 35, 55, 35, 87, 212, '2024-06-14', '2024-06-14 14:33:36', '2024-06-14 14:33:36'),
(120, 'PL0092', 'IKA DARMAWATI', 86, 835, 68, 38, 1027, '2024-06-14', '2024-06-14 14:33:46', '2024-06-14 14:33:46'),
(121, 'PL0093', 'ARINA HIDAYATUL ULLA', 68, 68, 68, 68, 272, '2024-06-14', '2024-06-14 14:33:55', '2024-06-14 14:33:55'),
(122, 'PL0094', 'SRI WAHYUNI', 25, 58, 28, 35, 146, '2024-06-14', '2024-06-14 14:34:04', '2024-06-14 14:34:04'),
(123, 'PL0095', 'SRI UTAMI', 256, 3, 356, 835, 1450, '2024-06-14', '2024-06-14 14:34:16', '2024-06-14 14:34:16'),
(124, 'PL0096', 'WENDY MARTA E', 838, 35, 68, 686, 1627, '2024-06-14', '2024-06-14 14:34:25', '2024-06-14 07:36:28'),
(136, 'PL0097', 'VERA PUSPITASARI', 546, 67, 94, 64, 771, '2024-06-14', '2024-06-14 14:40:38', '2024-06-14 14:40:38'),
(138, 'PL0105', 'ALIA NOVI KARTIKA', 94, 997, 64, 94, 1249, '2024-06-14', '2024-06-14 14:42:46', '2024-06-14 14:42:46'),
(139, 'PL0001', 'RUSNIANI', 300, 0, 600, 200, 1100, '2024-06-17', NULL, NULL),
(140, 'PL0039', 'DAVINA SHAVA V', 1200, 0, 300, 200, 1700, '2024-06-17', NULL, NULL),
(141, 'PL0104', 'SITI SOFIA J T', 300, 500, 200, 0, 1000, '2024-06-17', NULL, NULL),
(142, 'PL0002', 'MARIATUL QIBTIYAH', 100, 0, 200, 200, 500, '2024-06-18', NULL, NULL),
(143, 'PL0001', 'RUSNIANI P', 1000, 100, 200, 200, 1500, '2024-06-18', NULL, '2024-06-17 20:00:09'),
(144, 'PL0001', 'RUSNIANI', 100, 0, 200, 300, 600, '2024-07-06', NULL, NULL),
(145, 'PL0001', 'RUSNIANI', 100, 200, 300, 400, 1000, '2024-07-23', '2024-07-23 07:33:02', '2024-07-23 07:33:02'),
(146, 'PL0001', 'RUSNIANI', 200, 300, 0, 50, 550, '2024-08-01', '2024-08-01 02:26:20', '2024-08-01 02:26:20');

-- --------------------------------------------------------

--
-- Table structure for table `mandors`
--

CREATE TABLE `mandors` (
  `nim` varchar(20) COLLATE utf8mb4_unicode_ci NOT NULL,
  `nama_mandor` varchar(50) COLLATE utf8mb4_unicode_ci NOT NULL,
  `username` varchar(50) COLLATE utf8mb4_unicode_ci NOT NULL,
  `password` varchar(255) COLLATE utf8mb4_unicode_ci NOT NULL,
  `unit` enum('Blok 1','Blok 2','Blok 3') COLLATE utf8mb4_unicode_ci NOT NULL,
  `created_at` timestamp NULL DEFAULT NULL,
  `updated_at` timestamp NULL DEFAULT NULL
) ENGINE=InnoDB DEFAULT CHARSET=utf8mb4 COLLATE=utf8mb4_unicode_ci;

--
-- Dumping data for table `mandors`
--

INSERT INTO `mandors` (`nim`, `nama_mandor`, `username`, `password`, `unit`, `created_at`, `updated_at`) VALUES
('MN001', 'Julia', 'mandorb1', 'mandor123', 'Blok 1', '2024-05-24 17:55:39', '2024-05-24 17:55:39'),
('MN002', 'Maya', 'mandorb2', 'mandor123', 'Blok 2', '2024-05-24 17:55:39', '2024-05-24 17:55:39'),
('MN003', 'Sulastri', 'mandorb3', 'mandor123', 'Blok 3', '2024-05-24 17:55:39', '2024-05-24 17:55:39');

-- --------------------------------------------------------

--
-- Table structure for table `migrations`
--

CREATE TABLE `migrations` (
  `id` int UNSIGNED NOT NULL,
  `migration` varchar(255) COLLATE utf8mb4_unicode_ci NOT NULL,
  `batch` int NOT NULL
) ENGINE=InnoDB DEFAULT CHARSET=utf8mb4 COLLATE=utf8mb4_unicode_ci;

--
-- Dumping data for table `migrations`
--

INSERT INTO `migrations` (`id`, `migration`, `batch`) VALUES
(1, '2014_10_12_000000_create_users_table', 1),
(2, '2019_12_14_000001_create_personal_access_tokens_table', 1),
(3, '2024_05_05_132545_create_pekerjas_table', 1),
(4, '2024_05_05_132627_create_datalintings_table', 1),
(5, '2024_05_05_132639_create_mandors_table', 1),
(6, '2024_05_05_132651_create_stoks_table', 1),
(7, '2024_05_13_040257_create_targetharians_table', 1);

-- --------------------------------------------------------

--
-- Table structure for table `pekerjas`
--

CREATE TABLE `pekerjas` (
  `nip` varchar(20) COLLATE utf8mb4_unicode_ci NOT NULL,
  `nik` varchar(16) CHARACTER SET utf8mb4 COLLATE utf8mb4_unicode_ci DEFAULT NULL,
  `nama` varchar(100) COLLATE utf8mb4_unicode_ci NOT NULL,
  `telp` varchar(12) CHARACTER SET utf8mb4 COLLATE utf8mb4_unicode_ci DEFAULT NULL,
  `alamat` varchar(255) CHARACTER SET utf8mb4 COLLATE utf8mb4_unicode_ci DEFAULT NULL,
  `kel_desa` varchar(100) CHARACTER SET utf8mb4 COLLATE utf8mb4_unicode_ci DEFAULT NULL,
  `kec` varchar(100) CHARACTER SET utf8mb4 COLLATE utf8mb4_unicode_ci DEFAULT NULL,
  `kab_kota` varchar(100) CHARACTER SET utf8mb4 COLLATE utf8mb4_unicode_ci DEFAULT NULL,
  `tempat_lahir` varchar(100) CHARACTER SET utf8mb4 COLLATE utf8mb4_unicode_ci DEFAULT NULL,
  `tanggal_lahir` date DEFAULT NULL,
  `masuk` date DEFAULT NULL,
  `kategori` enum('BLOK 1','BLOK 2','BLOK 3') CHARACTER SET utf8mb4 COLLATE utf8mb4_unicode_ci DEFAULT NULL,
  `created_at` timestamp NULL DEFAULT NULL,
  `updated_at` timestamp NULL DEFAULT NULL
) ENGINE=InnoDB DEFAULT CHARSET=utf8mb4 COLLATE=utf8mb4_unicode_ci;

--
-- Dumping data for table `pekerjas`
--

INSERT INTO `pekerjas` (`nip`, `nik`, `nama`, `telp`, `alamat`, `kel_desa`, `kec`, `kab_kota`, `tempat_lahir`, `tanggal_lahir`, `masuk`, `kategori`, `created_at`, `updated_at`) VALUES
('PL0001', '1234567891234567', 'RUSNIANI', '085791322855', 'rt 3 rw 1 ngandengan tegalrejo selopuro', 'Tegalrejo', 'Selopuro', 'Blitar', 'Tulungagung', '1999-01-12', '2017-02-11', 'BLOK 1', '2024-05-24 16:44:17', '2024-07-23 00:30:52'),
('PL0002', '3216549873216549', 'MARIATUL QIBTIYAH', '085791322855', 'RT 001 RW 004', 'Tegalrejo', 'Selopuro', 'Blitar', 'Demak', '2001-03-20', '2020-01-30', 'BLOK 1', '2024-05-24 16:44:34', '2024-06-17 04:32:13'),
('PL0003', '1234569575212453', 'LIANA O SARI', '085791322855', 'Kabupaten BLITAR', 'Tegalrejo', 'Selopuro', 'Blitar', 'Tulungagung', '1999-05-20', '2023-01-12', 'BLOK 1', '2024-05-24 16:44:50', '2024-06-14 06:27:05'),
('PL0004', '2536142456985214', 'YUNI ASTUTIK', '085791322855', 'RT 001 RW 001', 'Tegalrejo', 'Selopuro', 'Blitar', 'Blitar', '2027-05-20', '2020-02-29', 'BLOK 1', '2024-05-24 16:45:17', '2024-06-14 06:28:28'),
('PL0005', '5624135489652451', 'HARTATIK', '085791322855', 'Kabupaten BLITAR', 'Tegalrejo', 'Selopuro', 'Blitar', 'Tulungagung', '2001-05-20', '2020-03-06', 'BLOK 1', '2024-05-24 16:45:44', '2024-06-14 06:30:37'),
('PL0006', '5023102030142026', 'INDAH WIDAYANI', '023010256242', 'BLITAR', 'Tegalrejo', 'SELOPURO', 'Blitar', 'Demak', '2002-10-09', '2019-02-10', 'BLOK 1', '2024-05-24 16:45:55', '2024-06-14 06:31:56'),
('PL0007', '1020203012012546', 'KUSWATI W NINGSIH', '085791322855', 'RT 001 RW 001', 'Tegalrejo', 'Selopuro', 'Blitar', 'Sidoarjo', '2002-03-06', '2018-05-03', 'BLOK 1', '2024-05-24 16:46:05', '2024-06-14 06:35:04'),
('PL0008', '2013010564213596', 'RACHEL SEVIYA DWI N', '085791322855', 'BLITAR', 'Tegalrejo', 'Selopuro', 'Blitar', 'Blitar', '2001-03-02', '2017-06-25', 'BLOK 1', '2024-05-24 16:46:18', '2024-06-14 06:35:49'),
('PL0009', '1234569575212458', 'NONA FITA SARI', '085791322857', 'BLITAR', 'Tegalrejo', 'SELOPURO', 'Blitar', 'Demak', '2003-06-26', '2023-02-10', 'BLOK 1', '2024-05-24 16:46:28', '2024-06-14 06:36:40'),
('PL0010', '1234569575212474', 'WIJI LESTARI', '085791322886', 'Kabupaten BLITAR', 'Tegalrejo', 'Selopuro', 'Blitar', 'Sidoarjo', '1998-05-31', '2019-05-20', 'BLOK 1', '2024-05-24 16:46:37', '2024-06-14 06:37:29'),
('PL0011', '1234569575212213', 'ENY HANDAYANI', '085791322562', 'RT 001 RW 007', 'Tegalrejo', 'Selopuro', 'Blitar', 'Tulungagung', '2001-03-20', '2021-05-01', 'BLOK 1', '2024-05-24 16:46:50', '2024-06-14 06:43:17'),
('PL0012', '1234569575215565', 'NURUL HIDAYAH', '085791322857', 'Kabupaten BLITAR', 'Tegalrejo', 'SELOPURO', 'Blitar', 'Demak', '2002-06-20', '2018-10-19', 'BLOK 1', '2024-05-24 16:47:02', '2024-06-14 06:45:07'),
('PL0013', '1234569575216523', 'DEWI FATIMAH', '085791322855', 'RT 001 RW 001 alah iyoooo', 'Tegalrejo', 'Selopuro', 'Blitar', 'Tulungagung', '1998-02-09', '2017-02-10', 'BLOK 1', '2024-05-24 16:47:13', '2024-06-14 06:46:01'),
('PL0014', '1234569575252563', 'ENDANG SRI PENI', '085791322855', 'RT 001 RW 001', 'Tegalrejo', 'Selopuro', 'Blitar', 'Demak', '2002-03-20', '2017-12-30', 'BLOK 1', '2024-05-24 16:47:23', '2024-06-14 06:54:46'),
('PL0015', '0231252012314562', 'SOFIA AFKARINA', '085791322855', 'RT 001 RW 001', 'Tegalrejo', 'SELOPURO', 'Blitar', 'Tulungagung', '2003-02-20', '2021-03-02', 'BLOK 1', '2024-05-24 16:47:32', '2024-06-14 07:07:32'),
('PL0016', '4213201252320125', 'RASZITA N S', '085791385462', 'RT 001 RW 001', 'Tegalrejo', 'Selopuro', 'Blitar', 'Demak', '2004-03-20', '2019-05-12', 'BLOK 1', '2024-05-24 16:47:41', '2024-06-14 07:08:22'),
('PL0017', NULL, 'DITA LUTFI APRILIA', NULL, NULL, NULL, NULL, NULL, NULL, NULL, NULL, 'BLOK 1', '2024-05-24 16:47:52', '2024-05-24 16:47:52'),
('PL0018', NULL, 'IMELDA AYU A', NULL, NULL, NULL, NULL, NULL, NULL, NULL, NULL, 'BLOK 1', '2024-05-24 16:48:02', '2024-05-24 16:48:02'),
('PL0019', NULL, 'RINA FITRIAWATI', NULL, NULL, NULL, NULL, NULL, NULL, NULL, NULL, 'BLOK 1', '2024-05-24 16:48:11', '2024-05-24 16:48:11'),
('PL0020', NULL, 'HARSIH', NULL, NULL, NULL, NULL, NULL, NULL, NULL, NULL, 'BLOK 1', '2024-05-24 16:48:36', '2024-05-24 16:48:36'),
('PL0021', NULL, 'KASANAH', NULL, NULL, NULL, NULL, NULL, NULL, NULL, NULL, 'BLOK 1', '2024-05-24 16:48:51', '2024-05-24 16:48:51'),
('PL0022', NULL, 'RIZKA YUNITA S', NULL, NULL, NULL, NULL, NULL, NULL, NULL, NULL, 'BLOK 1', '2024-05-24 16:49:00', '2024-05-24 16:49:00'),
('PL0023', NULL, 'CINDY PUSPITA W', NULL, NULL, NULL, NULL, NULL, NULL, NULL, NULL, 'BLOK 1', '2024-05-24 16:49:11', '2024-05-24 16:49:11'),
('PL0024', NULL, 'ERWIN SUSANA', NULL, NULL, NULL, NULL, NULL, NULL, NULL, NULL, 'BLOK 1', '2024-05-24 16:49:21', '2024-05-24 16:49:21'),
('PL0025', NULL, 'NELY ANJARSARI', NULL, NULL, NULL, NULL, NULL, NULL, NULL, NULL, 'BLOK 1', '2024-05-24 16:49:31', '2024-05-24 16:49:31'),
('PL0026', NULL, 'ALYA NUR AZIZAH', NULL, NULL, NULL, NULL, NULL, NULL, NULL, NULL, 'BLOK 1', '2024-05-24 16:49:43', '2024-05-24 16:49:43'),
('PL0027', NULL, 'TUKIYAH', NULL, NULL, NULL, NULL, NULL, NULL, NULL, NULL, 'BLOK 1', '2024-05-24 16:49:53', '2024-05-24 16:49:53'),
('PL0028', NULL, 'DYAH AYU AFRILIANA', NULL, NULL, NULL, NULL, NULL, NULL, NULL, NULL, 'BLOK 1', '2024-05-24 16:50:07', '2024-05-24 16:50:07'),
('PL0029', NULL, 'ELLYA N', NULL, NULL, NULL, NULL, NULL, NULL, NULL, NULL, 'BLOK 1', '2024-05-24 16:50:27', '2024-05-24 16:50:27'),
('PL0030', NULL, 'REVI MAULIDA', NULL, NULL, NULL, NULL, NULL, NULL, NULL, NULL, 'BLOK 1', '2024-05-24 16:52:20', '2024-05-24 16:52:20'),
('PL0031', NULL, 'YULA AYU DEVIA', NULL, NULL, NULL, NULL, NULL, NULL, NULL, NULL, 'BLOK 1', '2024-05-24 16:52:54', '2024-05-24 16:52:54'),
('PL0032', NULL, 'HENI DELLA FALERA', NULL, NULL, NULL, NULL, NULL, NULL, NULL, NULL, 'BLOK 1', '2024-05-24 16:53:12', '2024-05-24 16:53:12'),
('PL0033', NULL, 'RIA DEWI PUSPITARINI', NULL, NULL, NULL, NULL, NULL, NULL, NULL, NULL, 'BLOK 1', '2024-05-24 16:53:20', '2024-05-24 16:53:20'),
('PL0034', NULL, 'GUNARSIH', NULL, NULL, NULL, NULL, NULL, NULL, NULL, NULL, 'BLOK 1', '2024-05-24 16:53:26', '2024-05-24 16:53:26'),
('PL0035', NULL, 'IKA YULISTIANI', NULL, NULL, NULL, NULL, NULL, NULL, NULL, NULL, 'BLOK 1', '2024-05-24 16:53:33', '2024-05-24 16:53:33'),
('PL0036', NULL, 'IKA RAHAYU', NULL, NULL, NULL, NULL, NULL, NULL, NULL, NULL, 'BLOK 1', '2024-05-24 16:53:40', '2024-05-24 16:53:40'),
('PL0037', NULL, 'JIYAN RAHMA SUSANTI', NULL, NULL, NULL, NULL, NULL, NULL, NULL, NULL, 'BLOK 1', '2024-05-24 16:53:48', '2024-05-24 16:53:48'),
('PL0038', NULL, 'WULAN RHONIKA', NULL, NULL, NULL, NULL, NULL, NULL, NULL, NULL, 'BLOK 2', '2024-05-24 16:55:11', '2024-05-24 16:55:11'),
('PL0039', NULL, 'DAVINA SHAVA V', NULL, NULL, NULL, NULL, NULL, NULL, NULL, NULL, 'BLOK 2', '2024-05-24 16:56:00', '2024-05-24 16:56:00'),
('PL0041', NULL, 'EKA DARIANI', NULL, NULL, NULL, NULL, NULL, NULL, NULL, NULL, 'BLOK 2', '2024-05-24 16:56:24', '2024-05-24 16:56:24'),
('PL0042', NULL, 'ALIVIA Z', NULL, NULL, NULL, NULL, NULL, NULL, NULL, NULL, 'BLOK 2', '2024-05-24 16:56:30', '2024-05-24 16:56:30'),
('PL0043', NULL, 'ELEN ANGELIC I', NULL, NULL, NULL, NULL, NULL, NULL, NULL, NULL, 'BLOK 2', '2024-05-24 16:56:38', '2024-05-24 16:56:38'),
('PL0044', NULL, 'YULIANI PAVESTRI', NULL, NULL, NULL, NULL, NULL, NULL, NULL, NULL, 'BLOK 2', '2024-05-24 16:56:43', '2024-05-24 16:56:43'),
('PL0045', NULL, 'ELY AMALIYA', NULL, NULL, NULL, NULL, NULL, NULL, NULL, NULL, 'BLOK 2', '2024-05-24 16:56:50', '2024-05-24 16:56:50'),
('PL0046', NULL, 'FADHILA DESTIANA P', NULL, NULL, NULL, NULL, NULL, NULL, NULL, NULL, 'BLOK 2', '2024-05-24 16:56:55', '2024-05-24 16:56:55'),
('PL0047', NULL, 'MAYA WINDIANI', NULL, NULL, NULL, NULL, NULL, NULL, NULL, NULL, 'BLOK 2', '2024-05-24 16:57:01', '2024-05-24 16:57:01'),
('PL0048', NULL, 'DIAN TIKA F', NULL, NULL, NULL, NULL, NULL, NULL, NULL, NULL, 'BLOK 2', '2024-05-24 16:57:07', '2024-05-24 16:57:07'),
('PL0049', NULL, 'LIA DWI RAHAYU', NULL, NULL, NULL, NULL, NULL, NULL, NULL, NULL, 'BLOK 2', '2024-05-24 16:57:12', '2024-05-24 16:57:12'),
('PL0050', NULL, 'SHINTA FITRIANA R', NULL, NULL, NULL, NULL, NULL, NULL, NULL, NULL, 'BLOK 2', '2024-05-24 16:57:19', '2024-05-24 16:57:19'),
('PL0051', NULL, 'FADILAH SITINUR A', NULL, NULL, NULL, NULL, NULL, NULL, NULL, NULL, 'BLOK 2', '2024-05-24 16:57:25', '2024-05-24 16:57:25'),
('PL0052', NULL, 'LILIS SAIDAH', NULL, NULL, NULL, NULL, NULL, NULL, NULL, NULL, 'BLOK 2', '2024-05-24 16:57:48', '2024-05-24 16:57:48'),
('PL0053', NULL, 'RAMINI', NULL, NULL, NULL, NULL, NULL, NULL, NULL, NULL, 'BLOK 2', '2024-05-24 16:58:19', '2024-05-24 16:58:19'),
('PL0054', NULL, 'RAHAYU', NULL, NULL, NULL, NULL, NULL, NULL, NULL, NULL, 'BLOK 2', '2024-05-24 16:58:25', '2024-05-24 16:58:25'),
('PL0055', NULL, 'SUWANTI', NULL, NULL, NULL, NULL, NULL, NULL, NULL, NULL, 'BLOK 2', '2024-05-24 16:58:31', '2024-05-24 16:58:31'),
('PL0056', NULL, 'ENDAH PUJI L', NULL, NULL, NULL, NULL, NULL, NULL, NULL, NULL, 'BLOK 2', '2024-05-24 16:58:36', '2024-05-24 16:58:36'),
('PL0057', NULL, 'HALIMAH', NULL, NULL, NULL, NULL, NULL, NULL, NULL, NULL, 'BLOK 2', '2024-05-24 16:58:42', '2024-05-24 16:58:42'),
('PL0058', NULL, 'YENI FIDIANTI', NULL, NULL, NULL, NULL, NULL, NULL, NULL, NULL, 'BLOK 2', '2024-05-24 16:58:48', '2024-05-24 16:58:48'),
('PL0059', NULL, 'HETI WIDIARTI', NULL, NULL, NULL, NULL, NULL, NULL, NULL, NULL, 'BLOK 2', '2024-05-24 16:58:54', '2024-05-24 16:58:54'),
('PL0060', NULL, 'VINA OKTAVIA', NULL, NULL, NULL, NULL, NULL, NULL, NULL, NULL, 'BLOK 2', '2024-05-24 16:59:00', '2024-05-24 16:59:00'),
('PL0061', NULL, 'SULASI R', NULL, NULL, NULL, NULL, NULL, NULL, NULL, NULL, 'BLOK 2', '2024-05-24 16:59:05', '2024-05-24 16:59:05'),
('PL0062', NULL, 'ELIA YUHANA', NULL, NULL, NULL, NULL, NULL, NULL, NULL, NULL, 'BLOK 2', '2024-05-24 16:59:10', '2024-05-24 16:59:10'),
('PL0063', NULL, 'IKA KARTIKA S', NULL, NULL, NULL, NULL, NULL, NULL, NULL, NULL, 'BLOK 2', '2024-05-24 16:59:15', '2024-05-24 16:59:15'),
('PL0064', NULL, 'YUSTAMIN', NULL, NULL, NULL, NULL, NULL, NULL, NULL, NULL, 'BLOK 2', '2024-05-24 16:59:20', '2024-05-24 16:59:20'),
('PL0065', NULL, 'RIYA RAHMAWATI', NULL, NULL, NULL, NULL, NULL, NULL, NULL, NULL, 'BLOK 2', '2024-05-24 16:59:24', '2024-05-24 16:59:24'),
('PL0066', NULL, 'SRI RAHAYU', NULL, NULL, NULL, NULL, NULL, NULL, NULL, NULL, 'BLOK 2', '2024-05-24 16:59:30', '2024-05-24 16:59:30'),
('PL0067', NULL, 'LUVITA DIAH A', NULL, NULL, NULL, NULL, NULL, NULL, NULL, NULL, 'BLOK 2', '2024-05-24 16:59:37', '2024-05-24 16:59:37'),
('PL0068', NULL, 'SITI ROKAYATI', NULL, NULL, NULL, NULL, NULL, NULL, NULL, NULL, 'BLOK 2', '2024-05-24 16:59:43', '2024-05-24 16:59:43'),
('PL0069', NULL, 'KUSMIATI', NULL, NULL, NULL, NULL, NULL, NULL, NULL, NULL, 'BLOK 2', '2024-05-24 16:59:51', '2024-05-24 16:59:51'),
('PL0070', NULL, 'FARIDA', NULL, NULL, NULL, NULL, NULL, NULL, NULL, NULL, 'BLOK 2', '2024-05-24 17:00:13', '2024-05-24 17:00:13'),
('PL0071', NULL, 'EKA DIAN ERNAVIANI', NULL, NULL, NULL, NULL, NULL, NULL, NULL, NULL, 'BLOK 2', '2024-05-24 17:00:19', '2024-05-24 17:00:19'),
('PL0072', NULL, 'LIA ALFIYAH', NULL, NULL, NULL, NULL, NULL, NULL, NULL, NULL, 'BLOK 2', '2024-05-24 17:00:25', '2024-05-24 17:00:25'),
('PL0073', NULL, 'WIWIT AMINATIN', NULL, NULL, NULL, NULL, NULL, NULL, NULL, NULL, 'BLOK 2', '2024-05-24 17:00:31', '2024-05-24 17:00:31'),
('PL0074', NULL, 'HINDUN AYU', NULL, NULL, NULL, NULL, NULL, NULL, NULL, NULL, 'BLOK 2', '2024-05-24 17:00:36', '2024-05-24 17:00:36'),
('PL0075', NULL, 'SALINA SAFITRI', NULL, NULL, NULL, NULL, NULL, NULL, NULL, NULL, 'BLOK 2', '2024-05-24 17:00:41', '2024-05-24 17:00:41'),
('PL0076', NULL, 'PUTRI MEILISA', NULL, NULL, NULL, NULL, NULL, NULL, NULL, NULL, 'BLOK 2', '2024-05-24 17:00:47', '2024-05-24 17:00:47'),
('PL0077', NULL, 'ALEEYA MAYA R N', NULL, NULL, NULL, NULL, NULL, NULL, NULL, NULL, 'BLOK 2', '2024-05-24 17:00:53', '2024-05-24 17:00:53'),
('PL0078', NULL, 'RIZMA RIZKI R', NULL, NULL, NULL, NULL, NULL, NULL, NULL, NULL, 'BLOK 3', '2024-05-24 17:01:31', '2024-05-24 17:01:31'),
('PL0079', NULL, 'RIRIS ISMAWATI', NULL, NULL, NULL, NULL, NULL, NULL, NULL, NULL, 'BLOK 3', '2024-05-24 17:01:39', '2024-05-24 17:01:39'),
('PL0080', NULL, 'FEBY FRANSISKA', NULL, NULL, NULL, NULL, NULL, NULL, NULL, NULL, 'BLOK 3', '2024-05-24 17:01:45', '2024-05-24 17:01:45'),
('PL0081', NULL, 'SINTYA DWI  RENATA P', NULL, NULL, NULL, NULL, NULL, NULL, NULL, NULL, 'BLOK 3', '2024-05-24 17:01:50', '2024-05-24 17:01:50'),
('PL0082', NULL, 'SITI MAESAROH', NULL, NULL, NULL, NULL, NULL, NULL, NULL, NULL, 'BLOK 3', '2024-05-24 17:01:56', '2024-05-24 17:01:56'),
('PL0083', NULL, 'RENA EVA P', NULL, NULL, NULL, NULL, NULL, NULL, NULL, NULL, 'BLOK 3', '2024-05-24 17:02:02', '2024-05-24 17:02:02'),
('PL0084', NULL, 'KATMIATI', NULL, NULL, NULL, NULL, NULL, NULL, NULL, NULL, 'BLOK 3', '2024-05-24 17:02:07', '2024-05-24 17:02:07'),
('PL0085', NULL, 'NINING RAHAYU', NULL, NULL, NULL, NULL, NULL, NULL, NULL, NULL, 'BLOK 3', '2024-05-24 17:02:14', '2024-05-24 17:02:14'),
('PL0086', NULL, 'BINA ARTI', NULL, NULL, NULL, NULL, NULL, NULL, NULL, NULL, 'BLOK 3', '2024-05-24 17:02:20', '2024-05-24 17:02:20'),
('PL0087', NULL, 'WINA VITA OLISDIA', NULL, NULL, NULL, NULL, NULL, NULL, NULL, NULL, 'BLOK 3', '2024-05-24 17:02:26', '2024-05-24 17:02:26'),
('PL0088', NULL, 'WINDA', NULL, NULL, NULL, NULL, NULL, NULL, NULL, NULL, 'BLOK 3', '2024-05-24 17:02:55', '2024-05-24 17:02:55'),
('PL0089', NULL, 'FITRIA', NULL, NULL, NULL, NULL, NULL, NULL, NULL, NULL, 'BLOK 3', '2024-05-24 17:03:00', '2024-05-24 17:03:00'),
('PL0090', NULL, 'MERIN DWI SUSANTI', NULL, NULL, NULL, NULL, NULL, NULL, NULL, NULL, 'BLOK 3', '2024-05-24 17:03:06', '2024-05-24 17:03:06'),
('PL0091', '2346807964312846', 'SYABILLA ZAHRA A', '089624563521', 'Jl. Gajah no. 52', 'Hari', 'Hariati', 'Jati lengger', 'Banjar baru', '1999-10-08', '2020-08-07', 'BLOK 3', '2024-05-24 17:03:12', '2024-06-14 06:47:09'),
('PL0092', '2169489664546321', 'IKA DARMAWATI', '085462582134', 'Jl. Hajiati', 'Karyono', 'Munaroh', 'Jalanan tari', 'Banjar baru', '2005-06-14', '1991-06-26', 'BLOK 3', '2024-05-24 17:03:17', '2024-06-14 06:49:47'),
('PL0093', NULL, 'ARINA HIDAYATUL ULLA', NULL, NULL, NULL, NULL, NULL, NULL, NULL, NULL, 'BLOK 3', '2024-05-24 17:03:24', '2024-05-24 17:03:24'),
('PL0094', NULL, 'SRI WAHYUNI', NULL, NULL, NULL, NULL, NULL, NULL, NULL, NULL, 'BLOK 3', '2024-05-24 17:03:29', '2024-05-24 17:03:29'),
('PL0095', NULL, 'SRI UTAMI', NULL, NULL, NULL, NULL, NULL, NULL, NULL, NULL, 'BLOK 3', '2024-05-24 17:03:34', '2024-05-24 17:03:34'),
('PL0096', NULL, 'WENDY MARTA E', NULL, NULL, NULL, NULL, NULL, NULL, NULL, NULL, 'BLOK 3', '2024-05-24 17:03:39', '2024-05-24 17:03:39'),
('PL0097', NULL, 'VERA PUSPITASARI', NULL, NULL, NULL, NULL, NULL, NULL, NULL, NULL, 'BLOK 3', '2024-05-24 17:03:44', '2024-05-24 17:03:44'),
('PL0098', NULL, 'HENI SETIAWATI', NULL, NULL, NULL, NULL, NULL, NULL, NULL, NULL, 'BLOK 3', '2024-05-24 17:03:51', '2024-05-24 17:03:51'),
('PL0099', NULL, 'ANJAR WATI', NULL, NULL, NULL, NULL, NULL, NULL, NULL, NULL, 'BLOK 3', '2024-05-24 17:04:15', '2024-05-24 17:04:15'),
('PL0100', NULL, 'DIANA WINDI SARI', NULL, NULL, NULL, NULL, NULL, NULL, NULL, NULL, 'BLOK 3', '2024-05-24 17:04:21', '2024-05-24 17:04:21'),
('PL0101', '2154646452786642', 'WIDJIATI SIWI', '089645216684', 'Jl.sukarni no 19', 'Karyono', 'Suparjo', 'Jajalan', 'Yogyakarta', '1993-06-14', '2023-09-06', 'BLOK 3', '2024-05-24 17:04:26', '2024-06-14 06:29:27'),
('PL0102', '2134658764645231', 'SUHARTATIK', '087966452166', 'Jl. Kajiati no.50', 'Blimbing', 'Kepanjen', 'Malang', 'Malang', '2000-02-16', '2022-02-15', 'BLOK 3', '2024-05-24 17:04:33', '2024-06-14 06:32:36'),
('PL0103', '123456789123456', 'SITI DEFI ARINAFIAH', '087964523469', 'Jl. Hajiati', 'Jati', 'Ponoromo', 'Jati lengger', 'Banjar baru', '1997-03-05', '2023-10-12', 'BLOK 3', '2024-05-24 17:04:41', '2024-06-14 06:34:21'),
('PL0104', '5461327894652136', 'SITI SOFIA J T', '084665462134', 'Jl. Yati no. 40', 'Hari', 'Jalan', 'Jalanan', 'Jalanan besar', '1999-02-05', '2022-04-01', 'BLOK 3', '2024-05-24 17:04:47', '2024-06-14 06:39:11');

-- --------------------------------------------------------

--
-- Table structure for table `targetharians`
--

CREATE TABLE `targetharians` (
  `id` bigint UNSIGNED NOT NULL,
  `nama_blok` varchar(10) COLLATE utf8mb4_unicode_ci NOT NULL,
  `tr_merah` int NOT NULL DEFAULT '0',
  `tr_hitam` int NOT NULL DEFAULT '0',
  `tr_cokelat` int NOT NULL DEFAULT '0',
  `tr_jawas` int NOT NULL DEFAULT '0',
  `tr_jumlah` int NOT NULL DEFAULT '0',
  `tanggal` date NOT NULL,
  `created_at` timestamp NULL DEFAULT NULL,
  `updated_at` timestamp NULL DEFAULT NULL
) ENGINE=InnoDB DEFAULT CHARSET=utf8mb4 COLLATE=utf8mb4_unicode_ci;

--
-- Dumping data for table `targetharians`
--

INSERT INTO `targetharians` (`id`, `nama_blok`, `tr_merah`, `tr_hitam`, `tr_cokelat`, `tr_jawas`, `tr_jumlah`, `tanggal`, `created_at`, `updated_at`) VALUES
(1, 'Blok 1', 0, 0, 0, 0, 0, '2024-05-25', NULL, NULL),
(2, 'Blok 2', 0, 0, 0, 0, 0, '2024-05-25', NULL, NULL),
(3, 'Blok 3', 0, 0, 0, 0, 0, '2024-05-25', NULL, NULL),
(4, 'Blok 1', 0, 0, 0, 0, 0, '2024-05-27', NULL, NULL),
(5, 'Blok 2', 0, 0, 0, 0, 0, '2024-05-27', NULL, NULL),
(6, 'Blok 3', 0, 0, 0, 0, 0, '2024-05-27', NULL, NULL),
(7, 'Blok 1', 0, 0, 0, 0, 0, '2024-05-28', NULL, NULL),
(8, 'Blok 2', 0, 0, 0, 0, 0, '2024-05-28', NULL, NULL),
(9, 'Blok 3', 0, 0, 0, 0, 0, '2024-05-28', NULL, NULL),
(10, 'Blok 1', 1000, 2000, 0, 0, 3000, '2024-05-29', NULL, '2024-05-28 21:10:23'),
(11, 'Blok 2', 0, 4000, 0, 3000, 7000, '2024-05-29', NULL, '2024-05-28 22:16:25'),
(12, 'Blok 3', 0, 0, 0, 0, 0, '2024-05-29', NULL, NULL),
(13, 'Blok 1', 0, 0, 0, 0, 0, '2024-05-30', NULL, NULL),
(14, 'Blok 2', 0, 0, 0, 0, 0, '2024-05-30', NULL, NULL),
(15, 'Blok 3', 0, 0, 0, 0, 0, '2024-05-30', NULL, NULL),
(16, 'Blok 1', 10000, 2000, 0, 0, 12000, '2024-05-31', NULL, '2024-05-30 19:14:50'),
(17, 'Blok 2', 0, 0, 0, 0, 0, '2024-05-31', NULL, NULL),
(18, 'Blok 3', 0, 0, 0, 0, 0, '2024-05-31', NULL, NULL),
(19, 'Blok 1', 0, 0, 0, 0, 0, '2024-06-02', NULL, NULL),
(20, 'Blok 2', 0, 0, 0, 0, 0, '2024-06-02', NULL, NULL),
(21, 'Blok 3', 0, 0, 0, 0, 0, '2024-06-02', NULL, NULL),
(22, 'Blok 1', 0, 0, 0, 0, 0, '2024-06-05', NULL, NULL),
(23, 'Blok 2', 0, 0, 0, 0, 0, '2024-06-05', NULL, NULL),
(24, 'Blok 3', 0, 0, 0, 0, 0, '2024-06-05', NULL, NULL),
(25, 'Blok 1', 1000, 2000, 0, 0, 3000, '2024-06-06', NULL, '2024-06-05 22:06:42'),
(26, 'Blok 2', 0, 0, 0, 0, 0, '2024-06-06', NULL, NULL),
(27, 'Blok 3', 0, 0, 0, 0, 0, '2024-06-06', NULL, NULL),
(28, 'Blok 1', 1000, 2000, 0, 0, 3000, '2024-06-07', NULL, '2024-06-06 21:52:56'),
(29, 'Blok 2', 0, 0, 0, 0, 0, '2024-06-07', NULL, NULL),
(30, 'Blok 3', 0, 0, 0, 0, 0, '2024-06-07', NULL, NULL),
(31, 'Blok 1', 0, 0, 0, 0, 0, '2024-06-08', NULL, NULL),
(32, 'Blok 2', 0, 0, 0, 0, 0, '2024-06-08', NULL, NULL),
(33, 'Blok 3', 0, 0, 0, 0, 0, '2024-06-08', NULL, NULL),
(34, 'Blok 1', 10000, 20000, 0, 0, 30000, '2024-06-09', NULL, '2024-06-08 19:06:01'),
(35, 'Blok 2', 0, 0, 0, 0, 0, '2024-06-09', NULL, NULL),
(36, 'Blok 3', 0, 0, 0, 0, 0, '2024-06-09', NULL, NULL),
(37, 'Blok 1', 0, 0, 0, 0, 0, '2024-06-10', NULL, NULL),
(38, 'Blok 2', 0, 0, 0, 0, 0, '2024-06-10', NULL, NULL),
(39, 'Blok 3', 0, 0, 0, 0, 0, '2024-06-10', NULL, NULL),
(40, 'Blok 1', 0, 0, 0, 0, 0, '2024-06-11', NULL, NULL),
(41, 'Blok 2', 6000, 2000, 1000, 3000, 12000, '2024-06-11', NULL, '2024-06-10 23:19:47'),
(42, 'Blok 3', 0, 0, 0, 0, 0, '2024-06-11', NULL, NULL),
(43, 'Blok 1', 0, 0, 0, 0, 0, '2024-06-12', NULL, NULL),
(44, 'Blok 2', 0, 0, 0, 0, 0, '2024-06-12', NULL, NULL),
(45, 'Blok 3', 0, 0, 0, 0, 0, '2024-06-12', NULL, NULL),
(46, 'Blok 1', 0, 0, 0, 0, 0, '2024-06-14', NULL, NULL),
(47, 'Blok 2', 0, 0, 0, 0, 0, '2024-06-14', NULL, NULL),
(48, 'Blok 3', 0, 0, 0, 0, 0, '2024-06-14', NULL, NULL),
(49, 'Blok 1', 2000, 0, 3000, 4000, 9000, '2024-06-17', NULL, '2024-06-17 00:19:36'),
(50, 'Blok 2', 0, 0, 0, 0, 0, '2024-06-17', NULL, NULL),
(51, 'Blok 3', 0, 0, 0, 0, 0, '2024-06-17', NULL, NULL),
(52, 'Blok 1', 0, 0, 0, 0, 0, '2024-06-18', NULL, NULL),
(53, 'Blok 2', 0, 0, 0, 0, 0, '2024-06-18', NULL, NULL),
(54, 'Blok 3', 0, 0, 0, 0, 0, '2024-06-18', NULL, NULL),
(55, 'Blok 1', 0, 0, 0, 0, 0, '2024-06-20', NULL, NULL),
(56, 'Blok 2', 0, 0, 0, 0, 0, '2024-06-20', NULL, NULL),
(57, 'Blok 3', 0, 0, 0, 0, 0, '2024-06-20', NULL, NULL),
(58, 'Blok 1', 0, 0, 0, 0, 0, '2024-06-21', NULL, NULL),
(59, 'Blok 2', 0, 0, 0, 0, 0, '2024-06-21', NULL, NULL),
(60, 'Blok 3', 0, 0, 0, 0, 0, '2024-06-21', NULL, NULL),
(61, 'Blok 1', 0, 0, 0, 0, 0, '2024-07-02', NULL, NULL),
(62, 'Blok 2', 0, 0, 0, 0, 0, '2024-07-02', NULL, NULL),
(63, 'Blok 3', 0, 0, 0, 0, 0, '2024-07-02', NULL, NULL),
(64, 'Blok 1', 0, 0, 0, 0, 0, '2024-07-06', NULL, NULL),
(65, 'Blok 2', 0, 0, 0, 0, 0, '2024-07-06', NULL, NULL),
(66, 'Blok 3', 0, 0, 0, 0, 0, '2024-07-06', NULL, NULL),
(67, 'Blok 1', 0, 0, 0, 0, 0, '2024-07-22', NULL, NULL),
(68, 'Blok 2', 0, 0, 0, 0, 0, '2024-07-22', NULL, NULL),
(69, 'Blok 3', 0, 0, 0, 0, 0, '2024-07-22', NULL, NULL),
(70, 'Blok 1', 0, 0, 0, 0, 0, '2024-07-23', NULL, NULL),
(71, 'Blok 2', 0, 0, 0, 0, 0, '2024-07-23', NULL, NULL),
(72, 'Blok 3', 0, 0, 0, 0, 0, '2024-07-23', NULL, NULL),
(73, 'Blok 1', 0, 0, 0, 0, 0, '2024-08-01', NULL, NULL),
(74, 'Blok 2', 0, 0, 0, 0, 0, '2024-08-01', NULL, NULL),
(75, 'Blok 3', 0, 0, 0, 0, 0, '2024-08-01', NULL, NULL);

-- --------------------------------------------------------

--
-- Table structure for table `users`
--

CREATE TABLE `users` (
  `id` bigint UNSIGNED NOT NULL,
  `name` varchar(255) COLLATE utf8mb4_unicode_ci NOT NULL,
  `email` varchar(255) COLLATE utf8mb4_unicode_ci NOT NULL,
  `password` varchar(255) COLLATE utf8mb4_unicode_ci NOT NULL,
  `role` varchar(255) COLLATE utf8mb4_unicode_ci NOT NULL,
  `kategori` varchar(255) CHARACTER SET utf8mb4 COLLATE utf8mb4_unicode_ci NOT NULL,
  `created_at` timestamp NULL DEFAULT NULL,
  `updated_at` timestamp NULL DEFAULT NULL
) ENGINE=InnoDB DEFAULT CHARSET=utf8mb4 COLLATE=utf8mb4_unicode_ci;

--
-- Dumping data for table `users`
--

INSERT INTO `users` (`id`, `name`, `email`, `password`, `role`, `kategori`, `created_at`, `updated_at`) VALUES
(1, 'Admin', 'admin@gmail.com', '$2y$12$MDxidlckYU1Az66sfr5cguMOdhHGqM0dgKDuKuVI3pD2Ztl2EUK6S', 'admin', 'admin', '2024-05-24 16:40:41', '2024-05-24 16:40:41'),
(2, 'Julia', 'mandor1@gmail.com', '$2y$12$qIIewijERr29cWGiyaC6GO4H1zm8bOZ4zb0jiKYTDesFSEDQBkFa.', 'mandorb1', 'mandor', '2024-05-24 16:40:42', '2024-06-17 07:50:33'),
(3, 'Maya Doger', 'mandor2@gmail.com', '$2y$12$KDt86bPHuxKAN3SLUapYaui2MuI/o7bJNOh4ZbikMsBpaco6bhQV2', 'mandorb2', 'mandor', '2024-05-24 16:40:42', '2024-05-24 16:40:42'),
(4, 'Anis Baswedan', 'mandor3@gmail.com', '$2y$12$uwy0f4mPVFN1bXcf.blfZ.CmUEAu0YWleWOKT2j7aUeH92I7yGr1e', 'mandorb3', 'mandor', '2024-05-24 16:40:42', '2024-06-17 07:44:39');

--
-- Indexes for dumped tables
--

--
-- Indexes for table `datalintings`
--
ALTER TABLE `datalintings`
  ADD PRIMARY KEY (`id_linting`);

--
-- Indexes for table `mandors`
--
ALTER TABLE `mandors`
  ADD PRIMARY KEY (`nim`),
  ADD UNIQUE KEY `mandors_username_unique` (`username`);

--
-- Indexes for table `migrations`
--
ALTER TABLE `migrations`
  ADD PRIMARY KEY (`id`);

--
-- Indexes for table `pekerjas`
--
ALTER TABLE `pekerjas`
  ADD PRIMARY KEY (`nip`),
  ADD UNIQUE KEY `pekerjas_nik_unique` (`nik`);

--
-- Indexes for table `targetharians`
--
ALTER TABLE `targetharians`
  ADD PRIMARY KEY (`id`);

--
-- Indexes for table `users`
--
ALTER TABLE `users`
  ADD PRIMARY KEY (`id`),
  ADD UNIQUE KEY `users_email_unique` (`email`);

--
-- AUTO_INCREMENT for dumped tables
--

--
-- AUTO_INCREMENT for table `datalintings`
--
ALTER TABLE `datalintings`
  MODIFY `id_linting` bigint UNSIGNED NOT NULL AUTO_INCREMENT, AUTO_INCREMENT=147;

--
-- AUTO_INCREMENT for table `migrations`
--
ALTER TABLE `migrations`
  MODIFY `id` int UNSIGNED NOT NULL AUTO_INCREMENT, AUTO_INCREMENT=8;

--
-- AUTO_INCREMENT for table `targetharians`
--
ALTER TABLE `targetharians`
  MODIFY `id` bigint UNSIGNED NOT NULL AUTO_INCREMENT, AUTO_INCREMENT=76;

--
-- AUTO_INCREMENT for table `users`
--
ALTER TABLE `users`
  MODIFY `id` bigint UNSIGNED NOT NULL AUTO_INCREMENT, AUTO_INCREMENT=5;
COMMIT;

/*!40101 SET CHARACTER_SET_CLIENT=@OLD_CHARACTER_SET_CLIENT */;
/*!40101 SET CHARACTER_SET_RESULTS=@OLD_CHARACTER_SET_RESULTS */;
/*!40101 SET COLLATION_CONNECTION=@OLD_COLLATION_CONNECTION */;
